<?xml version="1.0"?>
<libraries>
  <library>
    <location>amd/src/jquery-eu-cookie-law-popup.js</location>
    <name>jQuery EU Cookie Law popups</name>
    <description>An easy-to-install jQuery plugin to create EU Cookie Law popups and for GDPR compliance.</description>
    <version>1.1.3</version>
    <license>MIT</license>
    <repository>https://github.com/wimagguc/jquery-eu-cookie-law-popup</repository>
    <copyrights>
      <copyright>2015 Richard Dancsi</copyright>
    </copyrights>
    <customised/>
  </library>
</libraries>
