<preset>

<settings>
<intro></intro>
<comments>0</comments>
<requiredentries>0</requiredentries>
<requiredentriestoview>0</requiredentriestoview>
<maxentries>0</maxentries>
<rssarticles>0</rssarticles>
<approval>0</approval>
<manageapproved>1</manageapproved>
<defaultsortdir>0</defaultsortdir>
<defaultsort>0</defaultsort>
</settings>

<field>
<type>text</type>
<name>Title</name>
<required>0</required>
</field>

<field>
<type>text</type>
<name>Author</name>
<required>0</required>
</field>

<field>
<type>picture</type>
<name>Cover</name>
<required>0</required>
<param3>0</param3>
</field>

<field>
<type>textarea</type>
<name>Description</name>
<required>0</required>
<param2>60</param2>
<param3>10</param3>
<param4>1</param4>
<param5>0</param5>
</field>

<field>
<type>url</type>
<name>Web link</name>
<required>0</required>
<param1>1</param1>
<param3>1</param3>
</field>

<field>
<type>menu</type>
<name>Type</name>
<required>0</required>
<param1>Type1
Type2
Type3</param1>
</field>

</preset>
