<?xml version="1.0" encoding="UTF-8" ?>
<XMLDB PATH="grade/penalty/duedate/db" VERSION="20240726" COMMENT="Penalty rules"
    xmlns:xsi="http://www.w3.org/2001/XMLSchema-instance"
    xsi:noNamespaceSchemaLocation="../../../../lib/xmldb/xmldb.xsd"
>
  <TABLES>
    <TABLE NAME="gradepenalty_duedate_rule" COMMENT="Penalty rules">
      <FIELDS>
        <FIELD NAME="id" TYPE="int" LENGTH="10" NOTNULL="true" SEQUENCE="true"/>
        <FIELD NAME="contextid" TYPE="int" LENGTH="10" NOTNULL="true" SEQUENCE="false" COMMENT="The context where the rule will be applied to"/>
        <FIELD NAME="sortorder" TYPE="int" LENGTH="10" NOTNULL="true" DEFAULT="0" SEQUENCE="false" COMMENT="Rule with lower late value will display first"/>
        <FIELD NAME="overdueby" TYPE="int" LENGTH="10" NOTNULL="true" SEQUENCE="false" COMMENT="Overdue boundary"/>
        <FIELD NAME="penalty" TYPE="float" LENGTH="10" NOTNULL="true" SEQUENCE="false" COMMENT="The deducted percentage will be applied the late submission"/>
        <FIELD NAME="usermodified" TYPE="int" LENGTH="10" NOTNULL="true" DEFAULT="0" SEQUENCE="false"/>
        <FIELD NAME="timecreated" TYPE="int" LENGTH="10" NOTNULL="true" DEFAULT="0" SEQUENCE="false"/>
        <FIELD NAME="timemodified" TYPE="int" LENGTH="10" NOTNULL="true" DEFAULT="0" SEQUENCE="false"/>
      </FIELDS>
      <KEYS>
        <KEY NAME="primary" TYPE="primary" FIELDS="id"/>
        <KEY NAME="usermodified" TYPE="foreign" FIELDS="usermodified" REFTABLE="user" REFFIELDS="id"/>
      </KEYS>
      <INDEXES>
        <INDEX NAME="contextid_idx" UNIQUE="false" FIELDS="contextid"/>
      </INDEXES>
    </TABLE>
  </TABLES>
</XMLDB>
