<preset>

<settings>
<intro></intro>
<comments>0</comments>
<ratings>0</ratings>
<participants>3</participants>
<requiredentries>0</requiredentries>
<requiredentriestoview>0</requiredentriestoview>
<maxentries>0</maxentries>
<rssarticles>0</rssarticles>
<approval>0</approval>
<scale>0</scale>
<assessed>0</assessed>
<assessedpublic></assessedpublic>
<defaultsort>0</defaultsort>
<defaultsortdir>0</defaultsortdir>
<editany>0</editany>
</settings>

<field>
<type>picture</type>
<name>image</name>
<param1></param1>
<param2></param2>
<param3>2097152</param3>
<param4></param4>
</field>

<field>
<type>text</type>
<name>title</name>
</field>

<field>
<type>textarea</type>
<name>description</name>
<required>0</required>
<param2>60</param2>
<param3>10</param3>
<param4>1</param4>
<param5>0</param5>
</field>

</preset>
