<?xml version="1.0" encoding="UTF-8" ?>
<XMLDB PATH="blocks/recentlyaccesseditems/db" VERSION="20181030" COMMENT="XMLDB file for Moodle blocks/recentlyaccesseditems"
    xmlns:xsi="http://www.w3.org/2001/XMLSchema-instance"
    xsi:noNamespaceSchemaLocation="../../../lib/xmldb/xmldb.xsd"
>
  <TABLES>
    <TABLE NAME="block_recentlyaccesseditems" COMMENT="Most recently accessed items accessed by a user">
      <FIELDS>
        <FIELD NAME="id" TYPE="int" LENGTH="10" NOTNULL="true" SEQUENCE="true"/>
        <FIELD NAME="courseid" TYPE="int" LENGTH="10" NOTNULL="true" SEQUENCE="false" COMMENT="Course id the item belongs to"/>
        <FIELD NAME="cmid" TYPE="int" LENGTH="10" NOTNULL="true" SEQUENCE="false" COMMENT="Item course module id"/>
        <FIELD NAME="userid" TYPE="int" LENGTH="10" NOTNULL="true" SEQUENCE="false" COMMENT="User id that accessed the item"/>
        <FIELD NAME="timeaccess" TYPE="int" LENGTH="10" NOTNULL="true" SEQUENCE="false" COMMENT="Time the user accessed the last time an item"/>
      </FIELDS>
      <KEYS>
        <KEY NAME="primary" TYPE="primary" FIELDS="id"/>
        <KEY NAME="userid" TYPE="foreign" FIELDS="userid" REFTABLE="user" REFFIELDS="id"/>
        <KEY NAME="courseid" TYPE="foreign" FIELDS="courseid" REFTABLE="course" REFFIELDS="id"/>
        <KEY NAME="cmid" TYPE="foreign" FIELDS="cmid" REFTABLE="course_modules" REFFIELDS="id"/>
      </KEYS>
      <INDEXES>
        <INDEX NAME="userid-courseid-cmid" UNIQUE="true" FIELDS="userid, courseid, cmid"/>
      </INDEXES>
    </TABLE>
  </TABLES>
</XMLDB>
