<?xml version="1.0"?>
<libraries>
  <library>
    <location>adodb</location>
    <name>ADOdb</name>
    <description>Database abstraction library for MySQL, PostgreSQL, MSSQL, Oracle, Interbase, Foxpro, Access, ADO, Sybase, DB2 and ODBC.</description>
    <version>5.22.8</version>
    <license>BSD/LGPL</license>
    <licenseversion>3-Clause/2.1+</licenseversion>
    <repository>https://github.com/ADOdb/ADOdb</repository>
    <copyrights>
      <copyright>2000-2013 John Lim (jlim#natsoft.com). All rights reserved.</copyright>
      <copyright>2014 Damien Regad, Mark Newnham and the ADOdb community</copyright>
    </copyrights>
  </library>
  <library>
    <location>behat/axe</location>
    <name>axe-core</name>
    <description>Accessibility testing engine for websites and other HTML-based user interfaces.</description>
    <version>4.10.2</version>
    <license>MPL</license>
    <licenseversion>2.0</licenseversion>
    <repository>https://github.com/dequelabs/axe-core</repository>
    <copyrights>
      <copyright>Deque Systems, Inc.</copyright>
    </copyrights>
  </library>
  <library>
    <location>composer/pcre</location>
    <name>composer/pcre</name>
    <description>PCRE wrapping library that offers type-safe preg_* replacements.</description>
    <version>3.3.2</version>
    <license>MIT</license>
    <repository>https://github.com/composer/pcre</repository>
    <copyrights>
      <copyright>Composer</copyright>
    </copyrights>
  </library>
  <library>
    <location>bennu</location>
    <name>Bennu</name>
    <description>Bennu is an object-oriented library written in PHP that implements the iCalendar standard (RFC 2445).</description>
    <version>0.2-custom</version>
    <license>LGPL</license>
    <licenseversion>2.1+</licenseversion>
    <repository>https://sourceforge.net/projects/bennu/</repository>
    <copyrights>
      <copyright>2005, Jon Papaioannou</copyright>
    </copyrights>
    <customised/>
  </library>
  <library>
    <location>evalmath</location>
    <name>EvalMath</name>
    <description>Class to safely evaluate math expressions.</description>
    <version>1.0.1</version>
    <license>BSD</license>
    <repository>https://github.com/dbojdo/eval-math</repository>
    <copyrights>
      <copyright>Miles Kaufmann</copyright>
    </copyrights>
    <customised/>
  </library>
  <library>
    <location>phpspreadsheet/phpspreadsheet</location>
    <name>PhpSpreadsheet</name>
    <description>Library to read, write and create spreadsheet documents in PHP.</description>
    <version>4.1.0</version>
    <license>MIT</license>
    <repository>https://github.com/PHPOffice/PhpSpreadsheet</repository>
    <customised/>
  </library>
  <library>
    <location>phpspreadsheet/markbaker/complex</location>
    <name>PHPComplex</name>
    <description>PHP Class Library for working with Complex numbers.</description>
    <version>3.0.1</version>
    <license>MIT</license>
    <repository>https://github.com/MarkBaker/PHPComplex</repository>
  </library>
  <library>
    <location>phpspreadsheet/markbaker/matrix</location>
    <name>PHPMatrix</name>
    <description>PHP Class for handling Matrices.</description>
    <version>3.0.0</version>
    <license>MIT</license>
    <repository>https://github.com/MarkBaker/PHPMatrix</repository>
  </library>
  <library>
    <location>google</location>
    <name>Google APIs</name>
    <description>Library Google APIs Client Library for PHP</description>
    <version>1.1.7</version>
    <license>Apache</license>
    <licenseversion>2.0</licenseversion>
    <repository>https://github.com/googleapis/google-api-php-client</repository>
    <customised/>
  </library>
  <library>
    <location>htmlpurifier</location>
    <name>HTML Purifier</name>
    <description>Filters HTML.</description>
    <version>4.18.0</version>
    <license>LGPL</license>
    <licenseversion>2.1+</licenseversion>
    <repository>https://github.com/ezyang/htmlpurifier</repository>
  </library>
  <library>
    <location>minify/matthiasmullie-minify</location>
    <name>MatthiasMullie\Minify</name>
    <description>CSS &amp; JavaScript minifier, in PHP</description>
    <version>1.3.73</version>
    <license>MIT</license>
    <repository>https://github.com/matthiasmullie/minify</repository>
    <customised/>
  </library>
  <library>
    <location>minify/matthiasmullie-pathconverter</location>
    <name>MatthiasMullie\PathConverter</name>
    <description>CSS path converter, in PHP</description>
    <version>1.1.3</version>
    <license>MIT</license>
    <repository>https://github.com/matthiasmullie/path-converter</repository>
  </library>
  <library>
    <location>pear/HTML/Common.php</location>
    <name>Pear_HTML_Common</name>
    <description>Class with many common HTML functions (used by HTML Quickform)</description>
    <version>1.7</version>
    <license>PHP</license>
    <licenseversion>2.0</licenseversion>
    <repository>http://pear.php.net/package/HTML_Common</repository>
    <copyrights>
      <copyright>2004 Adam Daniel, Bertrand Mansion, Klaus Guenther, Alexey Borzov</copyright>
    </copyrights>
    <customised/>
    <upgradable>false</upgradable>
  </library>
  <library>
    <location>pear/HTML/QuickForm.php</location>
    <name>Pear_HTML_QuickForm.php</name>
    <description>Class to write forms</description>
    <version>2.0</version>
    <license>PHP</license>
    <licenseversion>2.0</licenseversion>
    <repository>https://pear.php.net/package/HTML_Quickform</repository>
    <copyrights>
      <copyright>2004 Bertrand Mansion, Adam Daniel, Alexey Borzov</copyright>
    </copyrights>
    <customised/>
    <upgradable>false</upgradable>
  </library>
  <library>
    <location>pear/HTML/QuickForm</location>
    <name>Pear_HTML_QuickForm</name>
    <description>Class to write forms</description>
    <version>2.0</version>
    <license>PHP</license>
    <licenseversion>2.0</licenseversion>
    <repository>https://pear.php.net/package/HTML_Quickform</repository>
    <copyrights>
      <copyright>2004 Bertrand Mansion, Adam Daniel, Alexey Borzov</copyright>
    </copyrights>
    <customised/>
    <upgradable>false</upgradable>
  </library>
  <library>
    <location>pear/PEAR.php</location>
    <name>Pear.php</name>
    <description>Base class for other PEAR classes.</description>
    <version>1.4.5</version>
    <license>PHP</license>
    <licenseversion>3.0</licenseversion>
    <repository>https://pear.php.net/package/PEAR</repository>
    <copyrights>
      <copyright>2001-2006 The PHP Group. All rights reserved</copyright>
    </copyrights>
    <customised/>
    <upgradable>false</upgradable>
  </library>
  <library>
    <location>phpmailer</location>
    <name>PHPMailer</name>
    <description>Class for sending email using either sendmail, PHP mail(), or SMTP. Methods are based upon the standard AspEmail(tm) classes.</description>
    <version>6.9.3</version>
    <license>LGPL</license>
    <licenseversion>2.1</licenseversion>
    <repository>https://github.com/PHPMailer/PHPMailer</repository>
    <copyrights>
      <copyright>2003 Brent R. Matzelle (bmatzelle AT yahoo DOT com)</copyright>
    </copyrights>
  </library>
  <library>
    <location>simplepie</location>
    <name>SimplePie</name>
    <description>Simple Pie helps with blogs.</description>
    <version>1.8.1</version>
    <license>BSD</license>
    <repository>https://github.com/simplepie/simplepie</repository>
  </library>
  <library>
    <location>tcpdf</location>
    <name>TCPDF</name>
    <description>Class to generate PDF files</description>
    <version>6.8.2</version>
    <license>LGPL</license>
    <licenseversion>3.0-or-later</licenseversion>
    <repository>https://github.com/tecnickcom/TCPDF</repository>
    <copyrights>
      <copyright>Olivier PLATHEY</copyright>
      <copyright>Nicola Asuni</copyright>
    </copyrights>
    <customised/>
  </library>
  <library>
    <location>yuilib</location>
    <name>YUI</name>
    <description>The Yahoo! User Interface Library is a set of utilities and controls, in JavaScript, for building richly interactive web applications using techniques such as DOM scripting, DHTML and AJAX. The YUI Library also includes several core CSS resources.Set of user-interface components using AJAX, DHTML etc. We use it for all our AJAX-related stuff.</description>
    <version>3.18.1</version>
    <license>BSD</license>
    <repository>https://github.com/yui/yui3</repository>
    <copyrights>
      <copyright>2006, Yahoo! Inc.</copyright>
    </copyrights>
    <upgradable>false</upgradable>
  </library>
  <library>
    <location>yuilib/gallery</location>
    <name>YUI Gallery</name>
    <license>BSD</license>
    <version>gallery-2013.10.02-20-26</version>
    <description>The Gallery is a collection of modules that have been developed by the YUI community to enhance the capabilities of YUI.</description>
    <repository>https://github.com/yui/yui3-gallery</repository>
    <copyrights>
      <copyright>2006, Yahoo! Inc.</copyright>
    </copyrights>
    <upgradable>false</upgradable>
  </library>
  <library>
    <location>jquery</location>
    <name>jQuery</name>
    <description>jQuery is a fast, small, and feature-rich JavaScript library widely used on moodle.</description>
    <version>3.7.1</version>
    <license>MIT</license>
    <repository>https://github.com/jquery/jquery</repository>
    <copyrights>
      <copyright>2016 The jQuery Foundation</copyright>
    </copyrights>
  </library>
  <library>
    <location>jquery</location>
    <name>jQuery UI</name>
    <description>jQuery UI is a set of user interface interactions, effects, widgets, and themes built on top of the jQuery library.</description>
    <version>1.14.1</version>
    <license>MIT</license>
    <repository>https://github.com/jquery/jquery-ui</repository>
    <copyrights>
      <copyright>2016 The jQuery Foundation and other contributors</copyright>
    </copyrights>
  </library>
  <library>
    <location>html2text</location>
    <name>HTML2Text</name>
    <description>PHP script to convert HTML into an approximate text equivalent.</description>
    <version>4.3.2</version>
    <license>GPL</license>
    <licenseversion>2.0+</licenseversion>
    <repository>https://github.com/mtibben/html2text</repository>
    <copyrights>
      <copyright>2005-2007 Jon Abernathy jon@chuggnutt.com</copyright>
    </copyrights>
  </library>
  <library>
    <location>markdown</location>
    <name>Markdown</name>
    <description>Functions to convert from the Markdown text format into clean XHTML.</description>
    <version>2.0.0</version>
    <license>BSD</license>
    <repository>https://github.com/michelf/php-markdown</repository>
    <copyrights>
      <copyright>2004-2016 Michel Fortin https://michelf.com/projects/php-markdown/</copyright>
      <copyright>(Original Markdown) 2004-2006 John Gruber https://daringfireball.net/projects/markdown/
All rights reserved.</copyright>
    </copyrights>
    <customised/>
  </library>
  <library>
    <location>xhprof</location>
    <name>XHProf</name>
    <description>A Hierarchical Profiler for PHP.</description>
    <version>2.3.9</version>
    <license>Apache</license>
    <licenseversion>2.0</licenseversion>
    <repository>https://github.com/longxinH/xhprof</repository>
    <copyrights>
      <copyright>2009 Phacility</copyright>
    </copyrights>
    <customised/>
  </library>
  <library>
    <location>requirejs</location>
    <name>RequireJS</name>
    <description>RequireJS is a JavaScript file and module loader.</description>
    <version>2.3.7</version>
    <license>MIT</license>
    <repository>https://github.com/requirejs/requirejs</repository>
    <copyrights>
    </copyrights>
    <customised/>
  </library>
  <library>
    <location>amd/src/loglevel.js</location>
    <name>loglevel.js</name>
    <description>Minimal lightweight simple logging for JavaScript.</description>
    <version>1.9.2</version>
    <license>MIT</license>
    <repository>https://github.com/pimterry/loglevel/</repository>
    <copyrights>
      <copyright>2019 Tim Perry</copyright>
    </copyrights>
  </library>
  <library>
    <location>mustache</location>
    <name>Mustache</name>
    <description>PHP library for displaying mustache templates.</description>
    <version>2.14.2</version>
    <license>MIT</license>
    <repository>https://github.com/bobthecow/mustache.php</repository>
    <copyrights>
      <copyright>2010-2016 Justin Hileman</copyright>
    </copyrights>
    <customised/>
  </library>
  <library>
    <location>amd/src/mustache.js</location>
    <name>Mustache.js</name>
    <description>JS library for displaying mustache templates.</description>
    <version>4.2.0</version>
    <license>MIT</license>
    <repository>https://github.com/janl/mustache.js</repository>
    <copyrights>
      <copyright>2009 Chris Wanstrath (Ruby)</copyright>
      <copyright>2010-2014 Jan Lehnardt (JavaScript)</copyright>
      <copyright>2010-2015 The mustache.js community</copyright>
    </copyrights>
  </library>
  <library>
    <location>graphlib.php</location>
    <name>Graph Class</name>
    <description>Class to draw line, point, bar, and area graphs, including numeric x-axis and double y-axis.</description>
    <version>1.6.3</version>
    <license>GPL</license>
    <copyrights>
      <copyright>2000 Herman Veluwenkamp (hermanV AT mindless DOT com)</copyright>
    </copyrights>
  </library>
  <library>
    <location>php-css-parser</location>
    <name>PHP-CSS-Parser</name>
    <description>A Parser for CSS Files written in PHP.</description>
    <version>8.7.0</version>
    <license>MIT</license>
    <repository>https://github.com/sabberworm/PHP-CSS-Parser</repository>
    <copyrights>
      <copyright>2011 Raphael Schweikert, http://sabberworm.com/</copyright>
    </copyrights>
    <customised/>
  </library>
  <library>
    <location>rtlcss</location>
    <name>RTLCSS for PHP</name>
    <description>RTLCSS is a framework for converting Left-To-Right (LTR) Cascading Style Sheets(CSS) to Right-To-Left (RTL).</description>
    <version>1.0.1</version>
    <license>MIT</license>
    <repository>https://github.com/moodlehq/rtlcss-php</repository>
    <copyrights>
      <copyright>Frédéric Massart</copyright>
    </copyrights>
  </library>
  <library>
    <location>scssphp</location>
    <name>scssphp</name>
    <description>scssphp is a compiler for SCSS written in PHP.</description>
    <version>1.12.1</version>
    <license>MIT</license>
    <repository>https://github.com/scssphp/scssphp/</repository>
    <copyrights>
      <copyright>2015 Leaf Corcoran</copyright>
    </copyrights>
    <customised/>
  </library>
  <library>
    <location>openspout</location>
    <name>OpenSpout</name>
    <description>Library to read and write spreadsheet files (CSV, XLSX and ODS).</description>
    <version>4.28.5</version>
    <license>MIT</license>
    <repository>https://github.com/openspout/openspout</repository>
    <copyrights>
      <copyright>OpenSpout</copyright>
    </copyrights>
  </library>
  <library>
    <location>amd/src/chartjs-lazy.js</location>
    <name>Chart.js</name>
    <description>Simple yet flexible JavaScript charting for designers &amp; developers.</description>
    <version>4.4.7</version>
    <license>MIT</license>
    <repository>https://github.com/chartjs/Chart.js</repository>
    <copyrights>
      <copyright>2014-2022 Chart.js Contributors</copyright>
    </copyrights>
    <customised/>
  </library>
  <library>
    <location>maxmind/GeoIp2</location>
    <name>GeoIP2 PHP API</name>
    <description>Library for processing of GeoIP data files.</description>
    <version>3.1.0</version>
    <license>Apache</license>
    <licenseversion>2.0</licenseversion>
    <repository>https://github.com/maxmind/GeoIP2-php</repository>
    <copyrights>
      <copyright>MaxMind</copyright>
    </copyrights>
  </library>
  <library>
    <location>maxmind/MaxMind</location>
    <name>MaxMind DB Reader API</name>
    <description>PHP API for reading MaxMind DB files.</description>
    <version>1.12.0</version>
    <license>Apache</license>
    <licenseversion>2.0</licenseversion>
    <repository>https://github.com/maxmind/MaxMind-DB-Reader-php/</repository>
    <copyrights>
      <copyright>MaxMind</copyright>
    </copyrights>
  </library>
  <library>
    <location>ltiprovider</location>
    <name>LTI Tool Provider Library PHP</name>
    <description>PHP library for communicating with learning tools as per the LTI specification.</description>
    <version>3.0.2</version>
    <license>Apache</license>
    <licenseversion>2.0</licenseversion>
    <repository>https://github.com/1EdTech/LTI-Tool-Provider-Library-PHP</repository>
    <copyrights>
      <copyright>2016 IMS Global Learning Consortium Inc. All Rights Reserved. Trademark Policy - (www.imsglobal.org/trademarks)</copyright>
    </copyrights>
  </library>
  <library>
    <location>lti1p3</location>
    <name>LTI 1.3 Tool Library</name>
    <description>A library used for building IMS-certified LTI 1.3 tool providers in PHP.</description>
    <version>6.0.0</version>
    <license>Apache</license>
    <licenseversion>2.0</licenseversion>
    <repository>https://github.com/packbackbooks/lti-1-3-php-library</repository>
    <copyrights>
      <copyright>MartinLenord</copyright>
    </copyrights>
    <customised/>
  </library>
  <library>
    <location>amd/src/truncate.js</location>
    <name>Truncate.js</name>
    <description>Dead simple HTML-safe truncation via the DOM. It truncates HTML code, and has several options such as length, finishBlock and noBreak.</description>
    <version>0.0.1</version>
    <license>MIT</license>
    <repository>https://github.com/pathable/truncate</repository>
    <customised/>
  </library>
  <library>
    <location>fonts</location>
    <name>Font Awesome - http://fontawesome.com</name>
    <description>The Font Awesome font. Font Awesome is the Internet's icon library and toolkit, used by millions of designers, developers, and content creators.</description>
    <version>6.7.2</version>
    <license>SIL OFL</license>
    <licenseversion>1.1</licenseversion>
    <repository>https://github.com/FortAwesome/Font-Awesome</repository>
    <copyrights>
      <copyright>2023 Fonticons, Inc</copyright>
    </copyrights>
  </library>
  <library>
    <location>amd/src/adapter.js</location>
    <name>WebRTC adapter</name>
    <description>JavaScript library to insulate apps from spec changes and prefix differences in WebRTC. The prefix differences are mostly gone these days but differences in behaviour between browsers remain.</description>
    <version>8.0.0</version>
    <license>BSD</license>
    <licenseversion>3-Clause</licenseversion>
    <repository>https://github.com/webrtc/adapter</repository>
    <copyrights>
      <copyright>2014, The WebRTC project authors. All rights reserved. Copyright (c) 2018, The adapter.js project authors.</copyright>
    </copyrights>
  </library>
  <library>
    <location>validateurlsyntax.php</location>
    <name>validateUrlSyntax</name>
    <description>URL syntax validation using PHP and regular expressions.</description>
    <license>GPL</license>
    <licenseversion>2.0+</licenseversion>
    <copyrights>
      <copyright>2000 Rod Apeldoorn - rod(at)canowhoopass(dot)com</copyright>
    </copyrights>
    <customised/>
    <upgradable>false</upgradable>
  </library>
  <library>
    <location>amd/src/popper.js</location>
    <name>Popper.js</name>
    <description>A kickass library used to created Poppers in web applications.</description>
    <version>v1.12.6</version>
    <license>MIT</license>
    <repository>https://github.com/floating-ui/floating-ui</repository>
    <copyrights>
      <copyright>2016 Federico Zivolo and contributors</copyright>
    </copyrights>
  </library>
    <library>
    <location>amd/src/popper2.js</location>
    <name>Popper.js</name>
    <description>A kickass library used to created Poppers in web applications.</description>
    <version>v2.11.8</version>
    <license>MIT</license>
    <repository>https://github.com/floating-ui/floating-ui</repository>
    <copyrights>
      <copyright>2016 Federico Zivolo and contributors</copyright>
    </copyrights>
  </library>
  <library>
    <location>geopattern-php</location>
    <name>GeoPattern</name>
    <description>Library for creating beautiful generative background images from a string.</description>
    <version>1.1.2</version>
    <license>MIT</license>
    <repository>https://github.com/RedeyeGroup/geopattern-php</repository>
    <copyrights>
      <copyright>2015 Leaf Corcoran</copyright>
    </copyrights>
  </library>
  <library>
    <location>php-jwt</location>
    <name>PHP-JWT</name>
    <description>A simple library to encode and decode JSON Web Tokens (JWT) in PHP, conforming to RFC 7519</description>
    <version>6.11.0</version>
    <license>BSD</license>
    <licenseversion>3-Clause</licenseversion>
    <repository>https://github.com/firebase/php-jwt</repository>
    <copyrights>
      <copyright>2011, Neuman Vong</copyright>
    </copyrights>
  </library>
  <library>
    <location>polyfills</location>
    <name>regenerator-runtime</name>
    <description>This package implements a fully-functional source transformation that takes the syntax for generators/yield from ECMAScript 2015 or ES2015 and Asynchronous Iteration proposal and spits out efficient JS-of-today (ES5) that behaves the same way.</description>
    <version>0.13.7</version>
    <license>MIT</license>
    <repository>https://github.com/facebook/regenerator/</repository>
  </library>
  <library>
    <location>polyfills</location>
    <name>core-js-bundle</name>
    <description>Modular standard library for JavaScript. Includes polyfills for ECMAScript up to 2021: promises, symbols, collections, iterators, typed arrays, many other features, ECMAScript proposals, some cross-platform WHATWG / W3C features and proposals like URL. You can load only required features or use it without global namespace pollution.</description>
    <version>3.15.0</version>
    <license>MIT</license>
    <repository>https://github.com/zloirock/core-js</repository>
  </library>
  <library>
    <location>polyfills</location>
    <name>mdn-polyfill</name>
    <description>A collection of side-effect ECMAScript modules. Minimized, mangled and extremely small thanks to Rollup - next-generation ES6 module bundler.</description>
    <version>5.20.0</version>
    <license>MIT</license>
    <repository>https://github.com/msn0/mdn-polyfills</repository>
  </library>
  <library>
    <location>emoji-data</location>
    <name>Emoji data</name>
    <description>Library to parse easily data and sprite sheets for emoji.</description>
    <version>15.1.2</version>
    <license>MIT</license>
    <repository>https://github.com/iamcal/emoji-data/</repository>
    <copyrights>
      <copyright>2013 Cal Henderson</copyright>
    </copyrights>
    <customised/>
  </library>
  <library>
    <location>polyfills</location>
    <name>url-polyfill</name>
    <description>Polyfill URL and URLSearchParams to match last WHATWG specifications.</description>
    <version>1.1.12</version>
    <license>MIT</license>
    <repository>https://github.com/lifaon74/url-polyfill</repository>
  </library>
  <library>
    <location>plist</location>
    <name>plist</name>
    <description>PHP Implementation of Apple's PList (binary and XML).</description>
    <version>2.0.5</version>
    <license>MIT</license>
    <repository>https://github.com/TECLIB/CFPropertyList</repository>
    <copyrights>
      <copyright>2018 Teclib</copyright>
      <copyright>2009 Christian Kruse, Rodney Rehm</copyright>
    </copyrights>
  </library>
  <library>
    <location>zipstream</location>
    <name>ZipStream-PHP</name>
    <description>PHP ZIP Streaming Library</description>
    <version>3.1.2</version>
    <license>MIT</license>
    <repository>https://github.com/maennchen/ZipStream-PHP</repository>
    <copyrights>
      <copyright>2007-2009 Paul Duncan pabs@pablotron.org</copyright>
      <copyright>2014 Jonatan Männchen jonatan@maennchen.ch</copyright>
      <copyright>2014 Jesse G. Donat donatj@gmail.com</copyright>
      <copyright>2018 Nicolas CARPi nicolas.carpi@curie.fr</copyright>
    </copyrights>
  </library>
  <library>
    <location>psr/container</location>
    <name>container</name>
    <description>Common Container Interface (PHP FIG PSR-11).</description>
    <version>2.0.2</version>
    <license>MIT</license>
    <repository>https://github.com/php-fig/container</repository>
  </library>
  <library>
    <location>psr/clock</location>
    <name>clock</name>
    <description>Clock Interface (PHP FIG PSR-20).</description>
    <version>1.0.0</version>
    <license>MIT</license>
    <repository>https://github.com/php-fig/clock</repository>
  </library>
  <library>
    <location>psr/http-client</location>
    <name>http-client</name>
    <description>Provides an abstraction that describe the components of a HTTP Client.</description>
    <version>1.0.3</version>
    <license>MIT</license>
    <repository>https://github.com/php-fig/http-client</repository>
  </library>
  <library>
    <location>psr/http-factory</location>
    <name>http-factory</name>
    <description>Provides interfaces that describe the components of a HTTP Factory.</description>
    <version>1.1.0</version>
    <license>MIT</license>
    <repository>https://github.com/php-fig/http-factory</repository>
  </library>
  <library>
    <location>psr/http-message</location>
    <name>http-message</name>
    <description>Provide a set of common interfaces for HTTP messages as described in RFC 7230 and RFC 7231</description>
    <version>2.0.0</version>
    <license>MIT</license>
    <repository>https://github.com/php-fig/http-message</repository>
  </library>
  <library>
    <location>psr/http-server-handler</location>
    <name>psr/http-server-handler</name>
    <description>Common interface for HTTP server-side request handler</description>
    <version>1.0.2</version>
    <license>MIT</license>
    <repository>https://github.com/php-fig/http-server-handler</repository>
  </library>
  <library>
    <location>psr/http-server-middleware</location>
    <name>psr/http-server-middleware</name>
    <description>Common interface for HTTP server-side middleware</description>
    <version>1.0.2</version>
    <license>MIT</license>
    <repository>https://github.com/php-fig/http-server-middleware</repository>
  </library>
  <library>
    <location>psr/event-dispatcher</location>
    <name>event-dispatcher</name>
    <description>Provides interfaces that descirbe an event dispatching mechanism.</description>
    <version>1.0.0</version>
    <license>MIT</license>
    <repository>https://github.com/php-fig/event-dispatcher</repository>
  </library>
  <library>
    <location>psr/log</location>
    <name>log</name>
    <description>Common interface for logging libraries</description>
    <version>3.0.2</version>
    <license>MIT</license>
    <repository>https://github.com/php-fig/log</repository>
  </library>
  <library>
    <location>psr/simple-cache</location>
    <name>simple-cache</name>
    <description>Common interface for logging libraries</description>
    <version>3.0.0</version>
    <license>MIT</license>
    <repository>https://github.com/php-fig/simple-cache</repository>
  </library>
  <library>
    <location>phpxmlrpc</location>
    <name>phpxmlrpc</name>
    <description>A php library for building xml-rpc clients and servers</description>
    <version>4.11.1</version>
    <license>BSD</license>
    <licenseversion>3-Clause</licenseversion>
    <repository>https://github.com/gggeek/phpxmlrpc</repository>
    <copyrights>
      <copyright>1999,2000,2001 Edd Dumbill, Useful Information Company</copyright>
    </copyrights>
    <customised/>
  </library>
  <library>
    <location>guzzlehttp/guzzle</location>
    <name>GuzzleHttp/Guzzle</name>
    <description>Guzzle is a PHP HTTP client library</description>
    <version>7.9.2</version>
    <license>MIT</license>
    <repository>https://github.com/guzzle/guzzle</repository>
  </library>
  <library>
    <location>guzzlehttp/promises</location>
    <name>GuzzleHttp/Promises</name>
    <description>Guzzle promises library</description>
    <version>2.0.4</version>
    <license>MIT</license>
    <repository>https://github.com/guzzle/promises</repository>
  </library>
  <library>
    <location>ralouphie/getallheaders</location>
    <name>getallheaders polyfill</name>
    <description>A polyfill for getallheaders</description>
    <version>3.0.3</version>
    <license>MIT</license>
    <repository>https://github.com/ralouphie/getallheaders</repository>
  </library>
  <library>
    <location>guzzlehttp/psr7</location>
    <name>GuzzleHttp/PSR7</name>
    <description>PSR-7 message implementation that also provides common utility methods</description>
    <version>2.7.0</version>
    <license>MIT</license>
    <repository>https://github.com/guzzle/psr7</repository>
  </library>
  <library>
    <location>symfony/deprecation-contracts</location>
    <name>Symfony Deprecation contracts</name>
    <description>A generic function and convention to trigger deprecation notices</description>
    <version>3.5.1</version>
    <license>MIT</license>
    <repository>https://github.com/symfony/deprecation-contracts</repository>
  </library>
  <library>
    <location>guzzlehttp/kevinrob/guzzlecache</location>
    <name>Guzzle cache middleware</name>
    <description>A HTTP Cache for Guzzle as a simple Middleware to be added in the HandlerStack.</description>
    <version>6.0.0</version>
    <license>MIT</license>
    <repository>https://github.com/Kevinrob/guzzle-cache-middleware</repository>
  </library>
  <library>
      <location>webauthn</location>
      <name>WebAuthn</name>
      <version>2.2.2</version>
      <license>MIT</license>
      <repository>https://github.com/lbuchs/WebAuthn</repository>
  </library>
  <library>
    <location>aws-sdk</location>
    <name>AWS SDK for PHP</name>
    <description>The AWS SDK for PHP library</description>
    <version>3.342.2</version>
    <license>Apache</license>
    <licenseversion>2.0</licenseversion>
    <repository>https://github.com/aws/aws-sdk-php</repository>
  </library>
  <library>
    <location>jmespath</location>
    <name>JMESPath</name>
    <description>The JMESPath library</description>
    <version>2.8.0</version>
    <license>MIT</license>
    <repository>https://github.com/jmespath/jmespath.php</repository>
    <copyrights>
      <copyright>2014 Michael Dowling, https://github.com/mtdowling</copyright>
    </copyrights>
  </library>
  <library>
      <location>laravel/serializable-closure</location>
      <name>Serializable Closure</name>
      <version>2.0.3</version>
      <license>MIT</license>
      <repository>https://github.com/laravel/serializable-closure</repository>
  </library>
  <library>
      <location>php-di/php-di</location>
      <name>PHP Dependency Injector</name>
      <version>7.0.8</version>
      <license>MIT</license>
      <repository>https://github.com/PHP-DI/PHP-DI</repository>
  </library>
  <library>
      <location>php-di/invoker</location>
      <name>PHP DI Invoker</name>
      <version>2.3.6</version>
      <license>MIT</license>
      <repository>https://github.com/php-di/invoker</repository>
  </library>
  <library>
      <location>slim/slim</location>
      <name>Slim Framework</name>
      <version>4.13.0</version>
      <license>MIT</license>
      <repository>https://github.com/slimphp/Slim</repository>
  </library>
  <library>
      <location>nikic/fast-route</location>
      <name>FastRoute</name>
      <version>1.3.0</version>
      <license>BSD</license>
      <licenseversion>3-Clause</licenseversion>
      <repository>https://github.com/nikic/FastRoute</repository>
  </library>
  <library>
      <location>spatie/php-cloneable</location>
      <name>PHP Cloneable</name>
      <version>1.0.2</version>
      <license>MIT</license>
      <repository>https://github.com/spatie/php-cloneable</repository>
  </library>
  <library>
      <location>giggsey/libphonenumber-for-php-lite</location>
      <name>libphonenumber for PHP (Lite)</name>
      <version>8.13.55</version>
      <license>Apache 2.0</license>
      <repository>https://github.com/giggsey/libphonenumber-for-php-lite</repository>
  </library>
</libraries>
