{
  "tiny:hash": "#",
  "tiny:accessibility": "Accessibility",
  "tiny:accordion": "Accordion",
  "tiny:accordion_body...": "Accordion body...",
  "tiny:accordion_summary...": "Accordion summary...",
  "tiny:action": "Action",
  "tiny:activity": "Activity",
  "tiny:address": "Address",
  "tiny:advanced": "Advanced",
  "tiny:align": "Align",
  "tiny:align_center": "Align center",
  "tiny:align_left": "Align left",
  "tiny:align_right": "Align right",
  "tiny:alignment": "Alignment",
  "tiny:alignment_0": "Alignment {0}",
  "tiny:all": "All",
  "tiny:alternative_description": "Alternative description",
  "tiny:alternative_source": "Alternative source",
  "tiny:alternative_source_url": "Alternative source URL",
  "tiny:anchor": "Anchor",
  "tiny:anchor...": "Anchor...",
  "tiny:anchors": "Anchors",
  "tiny:animals_and_nature": "Animals and Nature",
  "tiny:arrows": "Arrows",
  "tiny:b": "B",
  "tiny:background_color": "Background color",
  "tiny:background_color_0": "Background color {0}",
  "tiny:black": "Black",
  "tiny:block": "Block",
  "tiny:block_0": "Block {0}",
  "tiny:blockquote": "Blockquote",
  "tiny:blocks": "Blocks",
  "tiny:blue": "Blue",
  "tiny:blue_component": "Blue component",
  "tiny:body": "Body",
  "tiny:bold": "Bold",
  "tiny:border": "Border",
  "tiny:border_color": "Border color",
  "tiny:border_style": "Border style",
  "tiny:border_width": "Border width",
  "tiny:bottom": "Bottom",
  "tiny:browse_files": "Browse files",
  "tiny:browse_for_an_image": "Browse for an image",
  "tiny:browse_links": "Browse links",
  "tiny:bullet_list": "Bullet list",
  "tiny:cancel": "Cancel",
  "tiny:caption": "Caption",
  "tiny:cell": "Cell",
  "tiny:cell_padding": "Cell padding",
  "tiny:cell_properties": "Cell properties",
  "tiny:cell_spacing": "Cell spacing",
  "tiny:cell_styles": "Cell styles",
  "tiny:cell_type": "Cell type",
  "tiny:center": "Center",
  "tiny:characters": "Characters",
  "tiny:characters_no_spaces": "Characters (no spaces)",
  "tiny:circle": "Circle",
  "tiny:class": "Class",
  "tiny:clear_formatting": "Clear formatting",
  "tiny:close": "Close",
  "tiny:code": "Code",
  "tiny:code_sample...": "Code sample...",
  "tiny:code_view": "Code view",
  "tiny:color_picker": "Color Picker",
  "tiny:color_swatch": "Color swatch",
  "tiny:cols": "Cols",
  "tiny:column": "Column",
  "tiny:column_clipboard_actions": "Column clipboard actions",
  "tiny:column_group": "Column group",
  "tiny:column_header": "Column header",
  "tiny:constrain_proportions": "Constrain proportions",
  "tiny:copy": "Copy",
  "tiny:copy_column": "Copy column",
  "tiny:copy_row": "Copy row",
  "tiny:could_not_find_the_specified_string.": "Could not find the specified string.",
  "tiny:could_not_load_emojis": "Could not load emojis",
  "tiny:count": "Count",
  "tiny:currency": "Currency",
  "tiny:current_window": "Current window",
  "tiny:custom_color": "Custom color",
  "tiny:custom...": "Custom...",
  "tiny:cut": "Cut",
  "tiny:cut_column": "Cut column",
  "tiny:cut_row": "Cut row",
  "tiny:dark_blue": "Dark Blue",
  "tiny:dark_gray": "Dark Gray",
  "tiny:dark_green": "Dark Green",
  "tiny:dark_orange": "Dark Orange",
  "tiny:dark_purple": "Dark Purple",
  "tiny:dark_red": "Dark Red",
  "tiny:dark_turquoise": "Dark Turquoise",
  "tiny:dark_yellow": "Dark Yellow",
  "tiny:dashed": "Dashed",
  "tiny:datetime": "Date/time",
  "tiny:decrease_indent": "Decrease indent",
  "tiny:default": "Default",
  "tiny:delete_accordion": "Delete accordion",
  "tiny:delete_column": "Delete column",
  "tiny:delete_row": "Delete row",
  "tiny:delete_table": "Delete table",
  "tiny:dimensions": "Dimensions",
  "tiny:disc": "Disc",
  "tiny:div": "Div",
  "tiny:document": "Document",
  "tiny:dotted": "Dotted",
  "tiny:double": "Double",
  "tiny:drop_an_image_here": "Drop an image here",
  "tiny:dropped_file_type_is_not_supported": "Dropped file type is not supported",
  "tiny:edit": "Edit",
  "tiny:embed": "Embed",
  "tiny:emojis": "Emojis",
  "tiny:emojis...": "Emojis...",
  "tiny:error": "Error",
  "tiny:error_form_submit_field_collision.": "Error: Form submit field collision.",
  "tiny:error_no_form_element_found.": "Error: No form element found.",
  "tiny:extended_latin": "Extended Latin",
  "tiny:failed_to_initialize_plugin_0": "Failed to initialize plugin: {0}",
  "tiny:failed_to_load_plugin_url_0": "Failed to load plugin url: {0}",
  "tiny:failed_to_load_plugin_0_from_url_1": "Failed to load plugin: {0} from url {1}",
  "tiny:failed_to_upload_image_0": "Failed to upload image: {0}",
  "tiny:file": "File",
  "tiny:find": "Find",
  "tiny:find_if_searchreplace_plugin_activated": "Find (if searchreplace plugin activated)",
  "tiny:find_and_replace": "Find and Replace",
  "tiny:find_and_replace...": "Find and replace...",
  "tiny:find_in_selection": "Find in selection",
  "tiny:find_whole_words_only": "Find whole words only",
  "tiny:flags": "Flags",
  "tiny:focus_to_contextual_toolbar": "Focus to contextual toolbar",
  "tiny:focus_to_element_path": "Focus to element path",
  "tiny:focus_to_menubar": "Focus to menubar",
  "tiny:focus_to_toolbar": "Focus to toolbar",
  "tiny:font": "Font",
  "tiny:font_size_0": "Font size {0}",
  "tiny:font_sizes": "Font sizes",
  "tiny:font_0": "Font {0}",
  "tiny:fonts": "Fonts",
  "tiny:food_and_drink": "Food and Drink",
  "tiny:footer": "Footer",
  "tiny:format": "Format",
  "tiny:format_0": "Format {0}",
  "tiny:formats": "Formats",
  "tiny:fullscreen": "Fullscreen",
  "tiny:g": "G",
  "tiny:general": "General",
  "tiny:gray": "Gray",
  "tiny:green": "Green",
  "tiny:green_component": "Green component",
  "tiny:groove": "Groove",
  "tiny:handy_shortcuts": "Handy Shortcuts",
  "tiny:header": "Header",
  "tiny:header_cell": "Header cell",
  "tiny:heading_1": "Heading 1",
  "tiny:heading_2": "Heading 2",
  "tiny:heading_3": "Heading 3",
  "tiny:heading_4": "Heading 4",
  "tiny:heading_5": "Heading 5",
  "tiny:heading_6": "Heading 6",
  "tiny:headings": "Headings",
  "tiny:height": "Height",
  "tiny:help": "Help",
  "tiny:hex_color_code": "Hex color code",
  "tiny:hidden": "Hidden",
  "tiny:horizontal_align": "Horizontal align",
  "tiny:horizontal_line": "Horizontal line",
  "tiny:horizontal_space": "Horizontal space",
  "tiny:id": "ID",
  "tiny:id_should_start_with_a_letter_followed_only_by_letters_numbers_dashes_dots_colons_or_": "ID should start with a letter, followed only by letters, numbers, dashes, dots, colons or underscores.",
  "tiny:image_is_decorative": "Image is decorative",
  "tiny:image_list": "Image list",
  "tiny:image_title": "Image title",
  "tiny:image...": "Image...",
  "tiny:imageproxy_http_error_could_not_find_image_proxy": "ImageProxy HTTP error: Could not find Image Proxy",
  "tiny:imageproxy_http_error_incorrect_image_proxy_url": "ImageProxy HTTP error: Incorrect Image Proxy URL",
  "tiny:imageproxy_http_error_rejected_request": "ImageProxy HTTP error: Rejected request",
  "tiny:imageproxy_http_error_unknown_imageproxy_error": "ImageProxy HTTP error: Unknown ImageProxy error",
  "tiny:increase_indent": "Increase indent",
  "tiny:inline": "Inline",
  "tiny:insert": "Insert",
  "tiny:insert_template": "Insert Template",
  "tiny:insert_accordion": "Insert accordion",
  "tiny:insert_column_after": "Insert column after",
  "tiny:insert_column_before": "Insert column before",
  "tiny:insert_datetime": "Insert date/time",
  "tiny:insert_image": "Insert image",
  "tiny:insert_link_if_link_plugin_activated": "Insert link (if link plugin activated)",
  "tiny:insert_row_after": "Insert row after",
  "tiny:insert_row_before": "Insert row before",
  "tiny:insert_table": "Insert table",
  "tiny:insert_template...": "Insert template...",
  "tiny:insert_video": "Insert video",
  "tiny:insertedit_code_sample": "Insert/Edit code sample",
  "tiny:insertedit_image": "Insert/edit image",
  "tiny:insertedit_link": "Insert/edit link",
  "tiny:insertedit_media": "Insert/edit media",
  "tiny:insertedit_video": "Insert/edit video",
  "tiny:inset": "Inset",
  "tiny:invalid_hex_color_code_0": "Invalid hex color code: {0}",
  "tiny:invalid_input": "Invalid input",
  "tiny:italic": "Italic",
  "tiny:justify": "Justify",
  "tiny:keyboard_navigation": "Keyboard Navigation",
  "tiny:language": "Language",
  "tiny:learn_more...": "Learn more...",
  "tiny:left": "Left",
  "tiny:left_to_right": "Left to right",
  "tiny:light_blue": "Light Blue",
  "tiny:light_gray": "Light Gray",
  "tiny:light_green": "Light Green",
  "tiny:light_purple": "Light Purple",
  "tiny:light_red": "Light Red",
  "tiny:light_yellow": "Light Yellow",
  "tiny:line_height": "Line height",
  "tiny:link_list": "Link list",
  "tiny:link...": "Link...",
  "tiny:list_properties": "List Properties",
  "tiny:list_properties...": "List properties...",
  "tiny:loading_emojis...": "Loading emojis...",
  "tiny:loading...": "Loading...",
  "tiny:lower_alpha": "Lower Alpha",
  "tiny:lower_greek": "Lower Greek",
  "tiny:lower_roman": "Lower Roman",
  "tiny:match_case": "Match case",
  "tiny:mathematical": "Mathematical",
  "tiny:media_poster_image_url": "Media poster (Image URL)",
  "tiny:media...": "Media...",
  "tiny:medium_blue": "Medium Blue",
  "tiny:medium_gray": "Medium Gray",
  "tiny:medium_purple": "Medium Purple",
  "tiny:merge_cells": "Merge cells",
  "tiny:middle": "Middle",
  "tiny:midnight_blue": "Midnight Blue",
  "tiny:more...": "More...",
  "tiny:name": "Name",
  "tiny:navy_blue": "Navy Blue",
  "tiny:new_document": "New document",
  "tiny:new_window": "New window",
  "tiny:next": "Next",
  "tiny:no": "No",
  "tiny:no_alignment": "No alignment",
  "tiny:no_color": "No color",
  "tiny:nonbreaking_space": "Nonbreaking space",
  "tiny:none": "None",
  "tiny:numbered_list": "Numbered list",
  "tiny:or": "OR",
  "tiny:objects": "Objects",
  "tiny:ok": "Ok",
  "tiny:open_help_dialog": "Open help dialog",
  "tiny:open_link": "Open link",
  "tiny:open_link_in...": "Open link in...",
  "tiny:open_popup_menu_for_split_buttons": "Open popup menu for split buttons",
  "tiny:orange": "Orange",
  "tiny:outset": "Outset",
  "tiny:page_break": "Page break",
  "tiny:paragraph": "Paragraph",
  "tiny:paste": "Paste",
  "tiny:paste_as_text": "Paste as text",
  "tiny:paste_column_after": "Paste column after",
  "tiny:paste_column_before": "Paste column before",
  "tiny:paste_is_now_in_plain_text_mode._contents_will_now_be_pasted_as_plain_text_until_you_": "Paste is now in plain text mode. Contents will now be pasted as plain text until you toggle this option off.",
  "tiny:paste_or_type_a_link": "Paste or type a link",
  "tiny:paste_row_after": "Paste row after",
  "tiny:paste_row_before": "Paste row before",
  "tiny:paste_your_embed_code_below": "Paste your embed code below:",
  "tiny:people": "People",
  "tiny:plugins": "Plugins",
  "tiny:plugins_installed_0": "Plugins installed ({0}):",
  "tiny:powered_by_0": "Powered by {0}",
  "tiny:pre": "Pre",
  "tiny:preferences": "Preferences",
  "tiny:preformatted": "Preformatted",
  "tiny:premium_plugins": "Premium plugins:",
  "tiny:press_the_up_and_down_arrow_keys_to_resize_the_editor.": "Press the Up and Down arrow keys to resize the editor.",
  "tiny:press_the_arrow_keys_to_resize_the_editor.": "Press the arrow keys to resize the editor.",
  "tiny:press_0_for_help": "Press {0} for help",
  "tiny:preview": "Preview",
  "tiny:previous": "Previous",
  "tiny:print": "Print",
  "tiny:print...": "Print...",
  "tiny:purple": "Purple",
  "tiny:quotations": "Quotations",
  "tiny:r": "R",
  "tiny:range_0_to_255": "Range 0 to 255",
  "tiny:red": "Red",
  "tiny:red_component": "Red component",
  "tiny:redo": "Redo",
  "tiny:remove": "Remove",
  "tiny:remove_color": "Remove color",
  "tiny:remove_link": "Remove link",
  "tiny:replace": "Replace",
  "tiny:replace_all": "Replace all",
  "tiny:replace_with": "Replace with",
  "tiny:resize": "Resize",
  "tiny:restore_last_draft": "Restore last draft",
  "tiny:reveal_or_hide_additional_toolbar_items": "Reveal or hide additional toolbar items",
  "tiny:rich_text_area": "Rich Text Area",
  "tiny:rich_text_area._press_alt-0_for_help.": "Rich Text Area. Press ALT-0 for help.",
  "tiny:rich_text_area._press_alt-f9_for_menu._press_alt-f10_for_toolbar._press_alt-0_for_hel": "Rich Text Area. Press ALT-F9 for menu. Press ALT-F10 for toolbar. Press ALT-0 for help",
  "tiny:ridge": "Ridge",
  "tiny:right": "Right",
  "tiny:right_to_left": "Right to left",
  "tiny:row": "Row",
  "tiny:row_clipboard_actions": "Row clipboard actions",
  "tiny:row_group": "Row group",
  "tiny:row_header": "Row header",
  "tiny:row_properties": "Row properties",
  "tiny:row_type": "Row type",
  "tiny:rows": "Rows",
  "tiny:save": "Save",
  "tiny:save_if_save_plugin_activated": "Save (if save plugin activated)",
  "tiny:scope": "Scope",
  "tiny:search": "Search",
  "tiny:select_all": "Select all",
  "tiny:select...": "Select...",
  "tiny:selection": "Selection",
  "tiny:shortcut": "Shortcut",
  "tiny:show_blocks": "Show blocks",
  "tiny:show_caption": "Show caption",
  "tiny:show_invisible_characters": "Show invisible characters",
  "tiny:size": "Size",
  "tiny:solid": "Solid",
  "tiny:source": "Source",
  "tiny:source_code": "Source code",
  "tiny:special_character": "Special Character",
  "tiny:special_character...": "Special character...",
  "tiny:split_cell": "Split cell",
  "tiny:square": "Square",
  "tiny:start_list_at_number": "Start list at number",
  "tiny:strikethrough": "Strikethrough",
  "tiny:style": "Style",
  "tiny:subscript": "Subscript",
  "tiny:superscript": "Superscript",
  "tiny:switch_to_or_from_fullscreen_mode": "Switch to or from fullscreen mode",
  "tiny:symbols": "Symbols",
  "tiny:system_font": "System Font",
  "tiny:table": "Table",
  "tiny:table_caption": "Table caption",
  "tiny:table_properties": "Table properties",
  "tiny:table_styles": "Table styles",
  "tiny:template": "Template",
  "tiny:templates": "Templates",
  "tiny:text": "Text",
  "tiny:text_color": "Text color",
  "tiny:text_color_0": "Text color {0}",
  "tiny:text_to_display": "Text to display",
  "tiny:the_url_you_entered_seems_to_be_an_email_address._do_you_want_to_add_the_required_mai": "The URL you entered seems to be an email address. Do you want to add the required mailto: prefix?",
  "tiny:the_url_you_entered_seems_to_be_an_external_link._do_you_want_to_add_the_required_htt": "The URL you entered seems to be an external link. Do you want to add the required http:// prefix?",
  "tiny:the_url_you_entered_seems_to_be_an_external_link._do_you_want_to_add_the_required_ht1": "The URL you entered seems to be an external link. Do you want to add the required https:// prefix?",
  "tiny:title": "Title",
  "tiny:to_open_the_popup_press_shiftenter": "To open the popup, press Shift+Enter",
  "tiny:toggle_accordion": "Toggle accordion",
  "tiny:tools": "Tools",
  "tiny:top": "Top",
  "tiny:travel_and_places": "Travel and Places",
  "tiny:turquoise": "Turquoise",
  "tiny:underline": "Underline",
  "tiny:undo": "Undo",
  "tiny:upload": "Upload",
  "tiny:uploading_image": "Uploading image",
  "tiny:upper_alpha": "Upper Alpha",
  "tiny:upper_roman": "Upper Roman",
  "tiny:url": "Url",
  "tiny:user_defined": "User Defined",
  "tiny:valid": "Valid",
  "tiny:version": "Version",
  "tiny:vertical_align": "Vertical align",
  "tiny:vertical_space": "Vertical space",
  "tiny:view": "View",
  "tiny:visual_aids": "Visual aids",
  "tiny:warn": "Warn",
  "tiny:white": "White",
  "tiny:width": "Width",
  "tiny:word_count": "Word count",
  "tiny:words": "Words",
  "tiny:words_0": "Words: {0}",
  "tiny:yellow": "Yellow",
  "tiny:yes": "Yes",
  "tiny:you_are_using_0": "You are using {0}",
  "tiny:you_have_unsaved_changes_are_you_sure_you_want_to_navigate_away": "You have unsaved changes are you sure you want to navigate away?",
  "tiny:your_browser_doesnt_support_direct_access_to_the_clipboard._please_use_the_ctrlxcv_ke": "Your browser doesn't support direct access to the clipboard. Please use the Ctrl+X/C/V keyboard shortcuts instead.",
  "tiny:alignment1": "alignment",
  "tiny:austral_sign": "austral sign",
  "tiny:cedi_sign": "cedi sign",
  "tiny:colon_sign": "colon sign",
  "tiny:cruzeiro_sign": "cruzeiro sign",
  "tiny:currency_sign": "currency sign",
  "tiny:dollar_sign": "dollar sign",
  "tiny:dong_sign": "dong sign",
  "tiny:drachma_sign": "drachma sign",
  "tiny:euro-currency_sign": "euro-currency sign",
  "tiny:example": "example",
  "tiny:formatting": "formatting",
  "tiny:french_franc_sign": "french franc sign",
  "tiny:german_penny_symbol": "german penny symbol",
  "tiny:guarani_sign": "guarani sign",
  "tiny:history": "history",
  "tiny:hryvnia_sign": "hryvnia sign",
  "tiny:indentation": "indentation",
  "tiny:indian_rupee_sign": "indian rupee sign",
  "tiny:kip_sign": "kip sign",
  "tiny:lira_sign": "lira sign",
  "tiny:livre_tournois_sign": "livre tournois sign",
  "tiny:manat_sign": "manat sign",
  "tiny:mill_sign": "mill sign",
  "tiny:naira_sign": "naira sign",
  "tiny:new_sheqel_sign": "new sheqel sign",
  "tiny:nordic_mark_sign": "nordic mark sign",
  "tiny:peseta_sign": "peseta sign",
  "tiny:peso_sign": "peso sign",
  "tiny:ruble_sign": "ruble sign",
  "tiny:rupee_sign": "rupee sign",
  "tiny:spesmilo_sign": "spesmilo sign",
  "tiny:styles": "styles",
  "tiny:tenge_sign": "tenge sign",
  "tiny:tugrik_sign": "tugrik sign",
  "tiny:turkish_lira_sign": "turkish lira sign",
  "tiny:won_sign": "won sign",
  "tiny:yen_character": "yen character",
  "tiny:yenyuan_character_variant_one": "yen/yuan character variant one",
  "tiny:yuan_character": "yuan character",
  "tiny:yuan_character_in_hong_kong_and_taiwan": "yuan character, in hong kong and taiwan",
  "tiny:0_characters": "{0} characters",
  "tiny:0_columns_1_rows": "{0} columns, {1} rows",
  "tiny:0_words": "{0} words"
}